{
  "version": 1.1,
  "global": {
    "authorName": "Anonymous Author",
    "storyTitle": "The Hallway"
  },
  "player": {
    "name": null,
    "stats": [],
    "inventory": {},
    "visited": []
  },
  "items": [],
  "events": [
    {
      "num": 1,
      "name": "has key",
      "isTrue": false,
      "type": "SIMPLE",
      "seqBool": "AND",
      "conditNums": []
    }
  ],
  "situations": [
    {
      "number": 1,
      "layer": 1,
      "title": "The Doors",
      "imageName": "red green door.jpg",
      "desc": null,
      "descriptions": [
        "There are two doors ahead. A \u003cspan style\u003d color:\"red\"\u003ered door\u003c/span\u003e on the left, and a \u003cspan style\u003d color:\"green\"\u003egreen door\u003c/span\u003e on the right.",
        "You are in front of the doors."
      ],
      "links": [
        {
          "number": 1,
          "text": "Go through the red door",
          "conditNum": 1,
          "conditionInverted": false,
          "changeNums": [],
          "boolsApplied": [],
          "fromNum": 1,
          "toNum": 2
        },
        {
          "number": 2,
          "text": "Go through the red door",
          "conditNum": 1,
          "conditionInverted": true,
          "changeNums": [],
          "boolsApplied": [],
          "fromNum": 1,
          "toNum": 5
        },
        {
          "number": 3,
          "text": "Go through the green door",
          "conditNum": 1,
          "conditionInverted": false,
          "changeNums": [],
          "boolsApplied": [],
          "fromNum": 1,
          "toNum": 2
        },
        {
          "number": 4,
          "text": "Go through the green door",
          "conditNum": 1,
          "conditionInverted": true,
          "changeNums": [],
          "boolsApplied": [],
          "fromNum": 1,
          "toNum": 5
        },
        {
          "number": 5,
          "text": "Leave",
          "conditNum": 0,
          "conditionInverted": false,
          "changeNums": [],
          "boolsApplied": [],
          "fromNum": 1,
          "toNum": 3
        }
      ]
    },
    {
      "number": 2,
      "layer": 2,
      "title": "The hallway",
      "imageName": null,
      "desc": null,
      "descriptions": [
        "The door unlocks with a click and you walk through. You are standing in a long hallway that seems to go on forever.",
        "You are in a long hallway."
      ],
      "links": [
        {
          "number": 1,
          "text": "Continue",
          "conditNum": 0,
          "conditionInverted": false,
          "changeNums": [],
          "boolsApplied": [],
          "fromNum": 2,
          "toNum": 6
        }
      ]
    },
    {
      "number": 3,
      "layer": 1,
      "title": "Outside",
      "imageName": null,
      "desc": null,
      "descriptions": [
        "You walk out into the forest. You take a deep breath of fresh air. You must figure out this puzzle. ",
        "You are outside."
      ],
      "links": [
        {
          "number": 1,
          "text": "Go back inside and try again",
          "conditNum": 0,
          "conditionInverted": false,
          "changeNums": [],
          "boolsApplied": [],
          "fromNum": 3,
          "toNum": 1
        },
        {
          "number": 2,
          "text": "Admire the view",
          "conditNum": 1,
          "conditionInverted": true,
          "changeNums": [],
          "boolsApplied": [],
          "fromNum": 3,
          "toNum": 4
        }
      ]
    },
    {
      "number": 4,
      "layer": 1,
      "title": "An unexpected discovery",
      "imageName": null,
      "desc": null,
      "descriptions": [
        "You gaze over the landscape, it is truely a breathtaking view. You sigh in appreciation and put your hands in your pockets. As you do, you feel a hard object in one of them. You pull it out and find that it is a key!",
        null
      ],
      "links": [
        {
          "number": 1,
          "text": "Go back inside",
          "conditNum": 0,
          "conditionInverted": false,
          "changeNums": [
            1
          ],
          "boolsApplied": [
            "TRUE"
          ],
          "fromNum": 4,
          "toNum": 1
        }
      ]
    },
    {
      "number": 5,
      "layer": 2,
      "title": "Locked",
      "imageName": null,
      "desc": null,
      "descriptions": [
        "The door is locked.",
        null
      ],
      "links": [
        {
          "number": 1,
          "text": "Hmmm...",
          "conditNum": 0,
          "conditionInverted": false,
          "changeNums": [],
          "boolsApplied": [],
          "fromNum": 5,
          "toNum": 1
        }
      ]
    },
    {
      "number": 6,
      "layer": 3,
      "title": "",
      "imageName": null,
      "desc": null,
      "descriptions": [
        "After walking for a long time you reach the end of the hallway, there is a sign here.",
        null
      ],
      "links": [
        {
          "number": 1,
          "text": "Read The Sign",
          "conditNum": 0,
          "conditionInverted": false,
          "changeNums": [],
          "boolsApplied": [],
          "fromNum": 6,
          "toNum": 7
        }
      ]
    },
    {
      "number": 7,
      "layer": 4,
      "title": "The Sign",
      "imageName": null,
      "desc": null,
      "descriptions": [
        "The sign reads \"Thank you for downloading CYAN. This is an example of something you might create using CYAN Writer.\"",
        "Did you notice that you can have a different description for subsequent visits to a situation?"
      ],
      "links": [
        {
          "number": 1,
          "text": "Good to know. I\u0027m heading back now.",
          "conditNum": 0,
          "conditionInverted": false,
          "changeNums": [],
          "boolsApplied": [],
          "fromNum": 7,
          "toNum": 1
        }
      ]
    }
  ]
}